date,FOOD,BEVERAGES_AND_TOBACCO,CRUDE_MATERIALS_INEDIBLE,MINERAL_FUELS_LUBRICANTS_ETC,ANIMAL_AND_VEGETABLE_OILS_AND_FATS,CHEMICALS,MANUFACTURED_GOODS,MACHINERY__TRANSPORT_EQUIPMENT,MISCELLANEOUS_MANUFACTURED_ARTICLES,MISCELLANEOUS_TRANSACTIONS_AND_COMMODITIES,total_export
2000-01-01,491864874,92332416,863994681,2843136683,1116946684,880219925,1927880545,14958386186,2026711654,229883181,25431356829
2000-02-01,425641394,77214349,689603279,2881747034,1099756943,1072302224,1910675351,16986581083,1922449106,217203495,27283174258
2000-03-01,553169207,100950924,901427068,3188319069,1254551970,1086130053,2133213423,20139482974,2368704586,262696514,31988645788
2000-04-01,509671983,98515223,897853450,2455441551,1116557420,1087280719,2174508072,17989050119,2333513182,240322014,28902713733
2000-05-01,553327793,111185482,909523666,2651869264,1008684467,1231347129,2291918346,18776956887,2480702004,253977343,30269492381
2000-06-01,574066614,112047681,923797559,2885169740,1100698246,1376535977,2191009429,19830751054,2505145689,263364009,31762585998
2000-07-01,551376941,88254854,968187353,3117527228,1032325817,1418732775,2236784776,20301875068,2722661037,267044431,32704770280
2000-08-01,564107493,101873018,848391883,2946768259,929934519,1290185907,2273679985,21969621903,2809204982,273941568,34007709517
2000-09-01,579122481,99952862,872988719,3206132395,1155303802,1379033062,2197408175,22289507276,2907182376,254519214,34941150362
2000-10-01,541286968,115090581,822098600,3373358792,1123505049,1202689184,2343395279,20403990329,2755527683,290897109,32971839574
2000-11-01,580391685,107633301,742958741,3188718504,1104990367,1211546232,2086908784,20845810919,2636361626,273239664,32778559823
2000-12-01,546274866,109898548,847496074,3164357484,893604012,1041787264,2020608557,18886862363,2456888764,260539023,30228316955
2001-01-01,488496781,111094426,706159911,3395119172,986371445,1238630188,1826731397,16863304221,2204176351,234833200,28054917092
2001-02-01,506056455,108530202,652773126,2921967093,798687254,1246958338,2074812559,17525700825,2339127998,260367135,28434980985
2001-03-01,520627270,103340677,715206815,3165158365,981410652,1293846981,2041734594,18138728691,2350768324,274454532,29585276901
2001-04-01,527119076,117686491,667765940,2651216545,990935271,1157005602,2281772844,16361083294,2276885363,302152900,27333623326
2001-05-01,553798125,106683698,645466339,3013972760,966643455,1247248204,2064893582,16622109563,2450464823,359042359,28030322908
2001-06-01,547169168,105586907,560555688,2340680773,990528785,1272922396,1976480407,16800726242,2479546764,342440676,27416637806
2001-07-01,559665097,102618921,607407782,3124820856,985124293,1177339652,1865155444,15628893407,2539374599,333182065,26923582116
2001-08-01,579510226,122510305,641582679,2498188300,1149543598,1200620806,2237752510,16273742038,2620763100,340893403,27665106965
2001-09-01,557334557,118520948,613232968,2406562536,967573414,1098439139,1847008261,17202239494,2382496968,339433494,27532841779
2001-10-01,562199767,103414126,579875362,2271447600,1088058771,1143777447,2060045241,17732563681,2816113737,351363339,28708859071
2001-11-01,624307845,98944620,561104487,2189603126,1225574904,1180518998,1989265612,17753091119,2375489585,332018071,28329918367
2001-12-01,554984663,108727929,613691784,2309595160,1212016738,1061113665,1848844056,15925634390,2336218970,296919967,26267747322
2002-01-01,618807890,99351321,542584508,2370340381,1255926478,1174097216,1749500867,16875014763,2297224384,334080330,27316928138
2002-02-01,507922027,90545778,489389082,2097593053,919700780,1047993841,1625122252,15036232054,1907790863,290625576,24012915306
2002-03-01,608539699,106193008,662564714,2248275952,1266309280,1345440162,2058935904,19394254843,2509053308,376646710,30576213580
2002-04-01,589273368,93212191,689924226,2330356480,1221435492,1365016364,2142621729,17811306498,2364644217,375223368,28983013933
2002-05-01,575206682,94840769,704787350,1763781467,1465575869,1465946211,2224692101,17756357522,2572360349,371974512,28995522832
2002-06-01,568683676,122106333,628241951,2384722683,1431148786,1446256325,2106888166,17706969038,2360705022,350038461,29105760441
2002-07-01,629609655,111906431,824647460,2499345084,1518217366,1454852709,2266247515,18598458938,2657804732,385844791,30946934681
2002-08-01,610320314,113782749,786198322,3116265849,1505971564,1441803002,2126755063,18565151010,2850065830,393338393,31509652096
2002-09-01,667441109,107844702,768626160,2585058563,1733196494,1393286943,2123237955,18614444427,2812670599,390775915,31196582867
2002-10-01,718628382,113141388,816553057,3141135783,2084453355,1603926113,2204675326,19077890266,2857260674,406203603,33023867947
2002-11-01,733003956,132762357,797890209,2729665574,1710623466,1520816342,2105575160,19172455152,2804782175,367837710,32075412101
2002-12-01,649558467,108938486,706727912,3378716184,1813049168,1410064539,2110634836,16683417880,2458474537,367631044,29687213053
2003-01-01,755813515,132479640,772310159,3421192581,1927694578,1573781187,2281711055,17658525719,2654894774,443658120,31622061328
2003-02-01,557425271,104268339,606442731,3345586160,1353001670,1455273984,1918114401,15352188316,2015173633,299298132,27006772637
2003-03-01,677252281,128510387,869466998,3928455398,1919427727,1708558338,2449084876,18243483777,2764050136,419391613,33107681531
2003-04-01,680298827,118853982,828943956,3087810861,1854639376,1644010237,2337880781,18411026969,2788919332,402882551,32155266872
2003-05-01,638476867,119499562,899495188,2993192650,2104939614,1781809410,2379573366,17890076953,2761586814,383764635,31952415059
2003-06-01,682078088,111059348,772314639,2820433771,1927616827,1770693403,2087241612,19056387264,2793800990,369768903,32391394845
2003-07-01,676117310,112849129,830041767,3234030572,2325321556,1623878174,2180937922,18670471417,2923902723,420435172,32997985742
2003-08-01,704538863,113498028,874816225,3158990237,2155797583,1625421181,2398675610,18937440358,3042690135,449904272,33461772492
2003-09-01,702981181,143621172,827209018,3179406392,2316489983,1670995951,2270396698,19683927195,2802798021,461760750,34059586361
2003-10-01,824924714,140197035,985066825,3304672452,2320847616,1805335457,2516652934,21552138021,3186892259,469424601,37106151914
2003-11-01,700517083,118698580,837293796,3411612723,1826474587,1827592060,2279223102,19035567246,2754935915,464126328,33256041420
2003-12-01,823534906,148631587,1049458222,4346182401,2193912106,2062577963,2882015270,21586391888,3147325496,527231188,38767261027
2004-01-01,669946869,121384517,951902272,4234138399,1848353939,1918832767,2468141449,19721736774,2932501389,449126831,35316065206
2004-02-01,712309222,120274587,839100165,3852131089,1846772320,1843839561,2540008956,17422837466,2807371790,448089704,32432734860
2004-03-01,800518012,120954331,1149026256,4377096841,2245008659,2308959612,3313264534,22088940726,3289912894,544766737,40238448602
2004-04-01,863161439,138918120,1030418717,3997511650,2301886744,2374163206,3101430343,22032420729,3505942192,530661816,39876514956
2004-05-01,796464765,117907784,1052745776,4264591152,2224469202,2130797695,2913645079,21265651806,3376664383,488019958,38630957600
2004-06-01,880772147,133956355,1103126749,3888571322,2183702928,2243537766,3147195999,22125743351,3655264500,515963193,39877834310
2004-07-01,869892830,147567149,1103082806,4506410725,2192775500,2387965267,3307891822,23469418721,3865204983,585121402,42435331205
2004-08-01,870151262,123512955,1034312283,5129782647,2107288934,2276065025,3157911057,22637874161,3626340072,565897450,41529135846
2004-09-01,892520987,140657667,1138006183,5276420525,2776338190,2375084016,3431915364,24072494632,3777826091,569047882,44450311537
2004-10-01,934018181,156807813,1144591853,5359104547,2450850001,2448184110,3431432321,23877603483,3730347458,595426176,44128365943
2004-11-01,796465584,133774982,903655468,5293669258,2147659322,2393703691,2870550318,20453708704,3117666577,630679819,38741533723
2004-12-01,940201831,187077229,1149583872,5638046382,2210549708,2380229040,3386055505,23319886859,3671329336,712798879,43595758641
2005-01-01,788861275,150089998,1048181046,5309253984,1977781692,2414038394,2812050505,20730332766,3356282447,618936823,39205808930
2005-02-01,721091699,105104960,916562834,4819221845,1696436111,2444808902,2904230702,19613116221,3037587897,566643789,36824804960
2005-03-01,936103843,134578062,1209154040,6103839315,2247228259,2902855983,3670304633,25186515359,3882694922,713822613,46987097029
2005-04-01,843887467,157084688,1185318329,5898350316,1999962327,2749274618,3415280621,23173977862,3746145164,628249733,43797531125
2005-05-01,862581569,128087299,1092293109,5420482805,2308730344,2476513782,3194583004,23048961419,3736816208,646820046,42915869585
2005-06-01,884680773,156207545,1161343133,5391298443,2308384638,2305038246,3205365207,24945185024,3686800766,705418028,44749721803
2005-07-01,876860366,140900318,1258039651,5629817382,1802927951,2441360398,3179581925,23897643401,3881523911,675634251,43784289554
2005-08-01,960401471,125040005,1234186540,6541930033,2080396616,2657439982,3207571532,25269761332,3967314638,702270759,46746312908
2005-09-01,1007950141,154316018,1269921286,6380222967,2250216706,2668539892,3346866459,26020782947,4190680431,727373571,48016870418
2005-10-01,1042556403,142102232,1379058297,6678643329,2223464293,3001032794,3409084826,26910726973,4246846585,714726981,49748242713
2005-11-01,835027274,145297365,1047344088,6468547796,1885717570,2401471058,2946654095,23898309805,3433224599,650127322,43711720972
2005-12-01,994944167,171787364,1294655367,7244651296,1911559154,2649328436,3806167428,26871298616,4068011127,732987630,49745390585
2006-01-01,856111006,162738479,1211813298,6887507863,1769405702,2339466020,3292980999,22292227929,3681034620,706548739,43199834655
2006-02-01,779645226,130219467,1106710072,6295507832,1922287865,2293858243,3262421416,22545511745,3436426219,636494486,42409082571
2006-03-01,971002805,146210656,1635583376,7329212929,2434432221,2545355432,3791409787,27550329765,4260780836,764706886,51429024693
2006-04-01,877837288,144666688,1406048822,6398014562,2239696317,2480346008,3636812934,24379719230,3557554151,779442502,45900138502
2006-05-01,989455168,179529338,1425443166,6445275936,2101042545,2833140624,4406916764,24980050286,3962703953,920310853,48243868633
2006-06-01,923962105,143031847,1338920400,6355574504,2092580437,2756835530,4249627615,26248250237,4155250351,893179430,49157212456
2006-07-01,939836065,143217550,1448501636,7113685961,2306885388,2774051800,4140426928,26276970216,4395730724,1019109610,50558415878
2006-08-01,1007767979,175950853,1640151781,7011502473,2587857055,3067362835,4318310525,27846683619,4731417422,1022582772,53409587314
2006-09-01,1082203208,172167257,1503019915,6587182008,2540443098,2912053659,4245691598,28555618296,4625869459,896528213,53120776711
2006-10-01,963317265,161734973,1349085882,6599663776,2613774551,2610964809,3735546814,25179958269,4054452094,770735529,48039233962
2006-11-01,1070887508,176719609,1470629893,6667063982,2781158690,3426833944,4432828353,25998241942,4436419627,870705143,51331488691
2006-12-01,1019513866,193493578,1413064598,6963172346,2554915069,2888649004,4422604341,27489886730,4635875065,860505837,52441680434
2007-01-01,1063357572,197398028,1383815372,6659109538,2316922903,2934548588,4199438900,24323397871,4202779524,701370782,47982139078
2007-02-01,875984014,140340005,1051814493,5627239458,1984663584,2674898385,3592459195,20851099479,3517655127,578639932,40894793672
2007-03-01,1113137914,180578309,1400463429,6379436713,2431000404,3384789405,4233297024,24606111765,4328305323,736398020,48793518306
2007-04-01,1080300771,159770355,1302694877,6534981161,2827672011,2760525321,4413941360,22044909844,4131313619,712350938,45968460257
2007-05-01,1073430948,172285759,1324253813,7180918982,2987771137,2735726914,4301127133,24890680492,4303053568,732874978,49702123724
2007-06-01,1045789667,172793992,1259306487,7315651408,2904285971,3127744717,4532059980,23684076136,4393382709,683463299,49118554366
2007-07-01,1123618533,172129375,1244649420,7664057142,3476989531,3092929309,4188586501,24251397980,4424152128,745864789,50384374708
2007-08-01,1241039175,196955296,1564442167,6858356664,3718223915,3162981339,4754863774,26734199744,4860573608,771400785,53863036467
2007-09-01,1312080614,191295607,1644221892,6904867430,4029171025,2769100355,4651701636,27142517516,4722343751,756679149,54123978975
2007-10-01,1252916021,200737659,1333630834,8729346307,4427237197,3246470137,4578303121,25856920554,4370823331,766623082,54763008243
2007-11-01,1323412319,213211067,1335921316,8412062991,4144238854,3010644458,4652082697,26061008206,4484143919,817205016,54453930843
2007-12-01,1345424631,206443856,1406086922,8720696319,4327916771,3266760330,4560468158,25459645959,4199206159,759064675,54251713780
2008-01-01,1343392412,212428712,1415510905,9666383461,4078024686,3026384087,4608076095,23627881183,4262390323,940334535,53180806399
2008-02-01,1168752553,160624041,1581053701,9100110164,3966007486,3124962562,3979341873,19867350258,3770232761,547214981,47265650380
2008-03-01,1390029822,211259858,1598687186,9986916264,4923819571,3458606980,5637751546,19986376900,4233012723,374438203,51800899053
2008-04-01,1385386697,156748813,1616524682,9271377328,5287422280,3405076466,4894611354,24835154060,4477190493,413560595,55743052768
2008-05-01,1478237328,205177952,1470341877,10507531382,5320611415,3920039284,5239792184,27954912829,4604964143,469545719,61171154113
2008-06-01,1529913812,176902391,1492193382,11627779216,5111276668,3550173157,4949704366,24847750566,4702488845,450836092,58439018495
2008-07-01,1617410439,212754304,1683578421,11254540802,6029027329,3970104612,5634687697,27093272245,5331476390,644853376,63471705615
2008-08-01,1857528478,262350045,1710849446,10355927701,5181927943,3558801678,5512716584,26214574623,4845502548,471759838,59971938884
2008-09-01,1662793056,218379260,1657905931,12019670854,5366952190,3487506678,5617578961,27248324911,5082448756,462941995,62824502592
2008-10-01,1476984718,191983258,1349857424,10292472901,4241808959,3132714659,4710844594,21996571746,4969343003,460849785,52823431047
2008-11-01,1591842592,196105019,1060207529,9697302272,3372240989,2500021867,4455655159,22943786957,5118535119,372754844,51308452347
2008-12-01,1349440017,226651057,1057717111,7871928671,3954016792,2351755637,3910071139,19483368992,4448500794,359452703,45012902913
2009-01-01,1220565721,182302278,857382222,6264876280,3190692980,2053472495,3251655873,15873171701,3833272994,275255942,37002648486
2009-02-01,1254665437,185935385,829058544,6430489622,2996637225,2327498881,3547775579,16969326395,3493163850,421545075,38456095993
2009-03-01,1282217642,189018473,950706546,6391871840,3384316746,2393009384,4188356892,19196060230,4080439845,467583447,42523581045
2009-04-01,1254279473,195672161,955023004,4671184394,3417172670,2681092272,3973973922,19431843930,4283184854,317655753,41181082433
2009-05-01,1340195990,243461377,988537552,5293980534,3446461223,2771526483,4254267518,20233313158,4234758049,294487275,43100989159
2009-06-01,1367877530,199952926,1122097587,5903249371,4023626976,2814886693,4236097128,21167379693,4167620056,366637501,45369425461
2009-07-01,1296775077,237632180,1131104509,6245361859,4048393517,2990915471,4673449573,23436948194,4889553276,362615413,49312749069
2009-08-01,1294423456,227540877,1179249530,6625839253,3389487476,2971154571,4538367687,23079712158,4664242009,320938453,48290955470
2009-09-01,1230723830,186705789,1032211328,6819414173,3951265590,3022156207,3811726411,23147132862,4198586095,378768568,47778690853
2009-10-01,1448992251,208843899,1395404659,8306895539,3963153903,3119330322,4546555746,26178183621,5073083983,447472662,54687916585
2009-11-01,1293427604,202896377,1283427555,7273417417,3913183570,2924278342,3957853570,24464015759,4396143085,376201354,50084844633
2009-12-01,1506853234,216659415,1432941456,9281568180,3916607001,3194047985,4376317956,25450926293,4888148947,465057000,54729127467
2010-01-01,1413867598,236073920,1440321063,8191024649,4442493169,3168704004,4573685711,23706072745,5063353097,291488870,52527084826
2010-02-01,1187106832,181407397,1408082278,8343265503,3681065906,3127674947,4122735457,20063903162,4216940603,308848046,46641030131
2010-03-01,1543728641,213670053,1823844935,9628866373,4950540420,3888645896,5146134098,26549886541,5353448832,334576940,59433342729
2010-04-01,1473327184,211624531,1575775171,7735637462,3914427336,3402049340,4809387955,23182800265,5205918877,385106614,51896054735
2010-05-01,1397776912,238523557,1532064623,9127566387,4049204604,3349170354,4722868821,22579226251,4955832561,337306406,52289540476
2010-06-01,1515580182,230156116,1448108017,7763801035,4563832451,3317420540,4671011809,23860567602,5093581216,321352945,52785411913
2010-07-01,1590915997,243550386,1579304658,8296994925,4467835084,3361884618,4731634393,25013404640,5752933093,291340552,55329798346
2010-08-01,1545243760,255663989,1646922410,8394954368,3778475433,3341567677,4592914459,23760205185,5213975432,265488137,52795410850
2010-09-01,1462438464,226111053,1351891654,8559688163,4456363037,3213654008,4080600968,21954099601,4736207045,280657038,50321711031
2010-10-01,1676019978,249136145,1661924048,8056747747,4690349022,3293881796,4825868361,24500367013,5611578530,338047527,54903920167
2010-11-01,1602823959,230623429,1763321815,8543995820,5542601056,3415644226,4798862734,21477998361,4961604032,299908296,52637383728
2010-12-01,1759139886,298570446,1897221672,9315891430,5602242868,3738049466,5315466365,23767451872,5241311792,326453314,57261799111
2011-01-01,1628916283,230439577,1992930316,10239801972,5496010596,3448903515,5420741758,20782693465,5140823952,301755228,54683016662
2011-02-01,1298484107,217268165,1731832362,9625409006,4698913808,3653166030,4750297455,19553169833,4273144206,272169194,50073854166
2011-03-01,1707159490,261086969,2675813505,11126835436,6218847114,4251375750,5600029557,24686647923,5569687524,381063961,62478547229
2011-04-01,1686566468,225017309,2405849584,10958581244,5572962368,3597373036,5380274460,22559561530,5595219695,333807944,58315213638
2011-05-01,1684706807,234725048,2207577153,8939577351,6034183740,3908539154,5020873122,21711494863,5299101621,313669828,55354448687
2011-06-01,1730539282,259124837,1891900771,10167025458,6603673686,3570403992,5453137492,23421035976,5582968600,370373383,59050183477
2011-07-01,1760206739,246609433,1826015958,10191459673,6750730319,4043624999,5302093835,23366715829,5833069738,336302821,59656829344
2011-08-01,1802108477,284075228,2070193713,9421647530,6722053100,4066182374,5329401262,22836789196,5700332456,390025787,58622809123
2011-09-01,1659414426,248130810,2081874921,10477517988,6023824862,4035220753,5284356037,23076549748,5423500627,385205264,58695595436
2011-10-01,1852540856,323041796,2275520622,12355214261,7102980442,3963895676,6304454382,23022201951,5807932343,339250265,63347032594
2011-11-01,1849503721,263573980,1941227877,11102030503,5798283354,3728315351,5625582363,21105726633,4991021557,415575615,56820840954
2011-12-01,1895072389,343299945,1925720646,11147225662,6096107123,3943690522,5928333165,23640216629,5490543423,353356496,60763566000
2012-01-01,1526154487,258273080,1572494586,13092805403,5525128255,3395304148,4915444842,19544227370,4910850953,373115640,55113798764
2012-02-01,1629187894,248304842,1760786100,11779490340,5174394877,4003308608,5339149820,21522496554,5107578003,396281200,56960978238
2012-03-01,1735642736,291303901,1928511349,12813403894,5181216766,4237131943,5839163818,23702144778,5841506079,434121449,62004146713
2012-04-01,1606542187,279572964,1855894875,12449269348,4806980948,3847020417,5403338291,21520323689,5690922127,416483307,57876348153
2012-05-01,1798830758,291811334,1795299373,10946444698,5979449365,3838538638,5740952059,22303194598,5822857319,413533830,58930911972
2012-06-01,1718673366,353101302,1665945773,11730810535,5616393270,4083242121,5722431505,23485591085,6211957063,471266401,61059412421
2012-07-01,1718423940,340971415,1954435748,10429454278,4950542176,3904102916,5411314707,22618084354,6297128486,426823774,58051281794
2012-08-01,1644694536,332300361,1612840863,10772124378,4907640181,3668730062,4780559729,21765709401,5721750073,461723628,55668073212
2012-09-01,1782839982,300911834,1634095462,11574625186,5251113573,3594080795,5045070711,24040441111,6031434867,687708349,59942321870
2012-10-01,1844583189,308533993,1617215121,13301940923,5804365128,3916490204,5230780785,22600450912,6006343653,599011255,61229715163
2012-11-01,1895356457,370502221,1591828283,11660321979,5086154693,3847467484,5080344095,22598884288,5629729267,556237068,58316825835
2012-12-01,1790970939,350267969,1620311945,12837433548,5110365132,3766152643,5115426475,20983214279,5432337494,480953228,57487433652
2013-01-01,1782513081,308078260,1504135680,13791176367,4020719981,4090196298,5049140933,20692466857,5413883393,427699118,57080009968
2013-02-01,1475043436,248747770,1494508801,13393570133,3856067123,4004693600,4856097178,18280933688,4475098356,408509257,52493269342
2013-03-01,1926441370,304624065,1727879438,13276891490,3911260371,4473743490,5345222683,22893215101,5754692671,435425879,60049396558
2013-04-01,1868161214,296695655,1637163781,11021279260,4277992408,4316994655,5195232030,21052550456,5668693354,501828557,55836591370
2013-05-01,1785445129,307640006,1604287355,10231870816,3628156797,4336817962,6108520143,21783749542,5508738768,361507637,55656734155
2013-06-01,1735944342,342806332,1391540285,11762752871,3794652248,4234316416,4965629269,22455530590,5579350115,386317572,56648840040
2013-07-01,1909388514,339724196,1658063304,12424001078,3881865865,4304655378,6006806684,24100832703,5649062201,355188206,60629588129
2013-08-01,1768079556,322174007,1639929876,14349789777,4163095682,4448773198,6477281258,23604307489,5634140196,388378650,62795949689
2013-09-01,1822570215,329747074,1744340854,13826339370,4196248586,4401155508,5843266505,24903696211,5811045806,405086981,63283497110
2013-10-01,2065677545,343690278,1918600489,15613115008,4625424989,4569670213,5920944842,25605708233,6175763154,354995401,67193590152
2013-11-01,2005575454,349730047,1576126703,13193058776,4257959495,4258505865,6002415171,24709681122,5724043135,331487497,62408583265
2013-12-01,1955700463,390250608,1595010215,17463873869,4405779783,4321882498,5929909924,23593196534,5924142482,336602288,65916348664
2014-01-01,1924147905,298801130,1510506770,15871154570,4188495186,4307785428,5802199991,23677578274,6105058183,367739406,64053466843
2014-02-01,1864437058,281063298,1493177457,13925468205,3971619970,4493909324,5588685206,21755411594,5128596913,425244751,58927613776
2014-03-01,2147872213,340057518,1547260708,14890985603,4101895577,4962183888,5815950424,24539389461,6061296543,485986766,64892878701
2014-04-01,2217051378,375575188,1621803369,14995988555,4153190597,4857762762,6108634127,25203271633,6199895560,464395499,66197568668
2014-05-01,2148240165,328717002,1522161035,14307435441,4341255959,4727778158,5705221551,24790160918,6454168159,425318736,64750457124
2014-06-01,2107861340,346514611,1307949410,13333450408,3997063648,4435231725,5281559096,23977537986,6055099672,359974989,61202242885
2014-07-01,2063864980,345786083,1241278184,13242857036,4292805914,4442806716,5350683331,23781438916,5916541760,384609179,61062672099
2014-08-01,2274563620,336623219,1318579943,13274546960,4163119622,5004694046,5755062958,25073602004,6342207796,347106289,63890106457
2014-09-01,2250055780,329622360,1398271491,13187699780,4931205763,4570001424,5126072613,26166909904,6200700821,342182944,64502722880
2014-10-01,2266552649,377661895,1361535730,15111982656,4459045209,4911728062,5344430196,24512599776,6303646948,337315676,64986498797
2014-11-01,2103281134,369172041,1304463000,12725540448,3743102515,4726860790,5789395303,26217983989,6340898754,270232994,63590930968
2014-12-01,2278736181,349766449,1537336972,13756987101,4147798324,5133818954,6151123330,27039474108,6608836435,355846344,67359724198
2015-01-01,2135105038,397276218,1511537612,12371920831,3372559306,4643858298,5734581834,25508533529,6878414631,417613338,62971400635
2015-02-01,1821181716,276076382,1152710844,10336504023,2894974975,4201618737,4544357076,21426010829,5500742230,319602922,52473779734
2015-03-01,2210867191,392184126,1823185801,10979545710,3571410433,5313387652,5974542136,28056836586,6908376301,280497069,65510833005
2015-04-01,2130335665,371875123,1550660636,8788151293,3351252396,4987163211,6840174078,24988052641,6746273655,292824731,60046763429
2015-05-01,2086501793,344675987,1588497916,9809745233,4092635790,4656944693,6058823607,25049000992,6406592900,326052670,60419471581
2015-06-01,2183226352,349763108,1540041976,9510474837,4800445861,5060824642,6490685203,27203080837,6825645727,345704358,64309892901
2015-07-01,2190727836,369653188,2023817933,9480580057,4378630918,5285878878,5499804895,26882164629,6832453283,375374037,63319085654
2015-08-01,2346906755,421329190,1857193996,9499443739,4257937162,5030541296,6331048163,29155392759,7355169642,317650200,66572612902
2015-09-01,2529564212,364186336,1942641407,10488025393,4616513057,5358196754,6788982682,30378581439,7323058900,362537778,70152287958
2015-10-01,2693041547,465700101,2250253339,12394305267,4645600255,5810779317,7813917529,31082320381,8220405084,365086796,75741409616
2015-11-01,2396613357,437989506,2007014306,12663800317,4014633203,4994122825,6519566359,26953953922,7254171508,321583834,67563449137
2015-12-01,2645829834,415655328,1962488494,9553016792,3866885093,5330564909,6548793277,29410861333,8233982020,306019306,68274096386
2016-01-01,2428684025,428547008,1862303750,8282050937,3614973450,4856385079,5529085222,26701773951,7821516341,325494598,61850814361
2016-02-01,2117385997,343546067,1712353212,8257673948,3098832655,4703367624,5590717358,24077697751,6493149661,321932156,56716656429
2016-03-01,2501151056,446532323,1939150572,9155887492,3816738332,5580294030,6506081531,28816595914,7482288818,310269203,66554989271
2016-04-01,2362982892,432452248,1614720328,8997875822,3656763898,5102911154,5761683123,26030195210,7076342611,283266968,61319194254
2016-05-01,2409603205,378272514,1634554029,7595050539,3941460400,5201592386,5559054862,26114095483,6814963504,341792474,59990439396
2016-06-01,2573547533,410877937,1891001329,9273467563,3873483360,5436509111,6336007701,28666036544,7525586534,521760786,66508278398
2016-07-01,2217211001,337507283,1621796881,8704323154,4111051406,5288937568,4931026701,25480260763,6959428718,415759937,60067303412
2016-08-01,2533010728,378852180,2058679626,7970745267,5141773543,5615082718,5843880049,30228171729,7410627582,486783286,67667606708
2016-09-01,2572322572,411412113,1614761146,9653492670,4771122498,5558446634,5644718423,30120433398,7400746883,434681742,68182138079
2016-10-01,2693604881,433654286,1912305044,9683946250,4815230554,5512531701,5491427370,30607842823,7704952831,478736328,69334232068
2016-11-01,2878100490,426417056,2412561839,11182635909,5137124358,5692428298,6270550386,30679706062,7741142429,550365897,72971032724
2016-12-01,2930394348,478373407,2239371378,12406032317,4658531676,6120232249,6550678145,31261777115,8598700736,557381976,75801473347
2017-01-01,2349394638,344573883,2226035045,12050522527,4399434273,5488893436,5899827494,29163534556,7719745507,667443230,70309404589
2017-02-01,2495675888,376507745,2527984764,11242073029,5010947949,6402826891,6156283030,29094555332,8012515880,659935714,71979306222
2017-03-01,2925490215,450585698,3000106716,13488014633,4664644919,6705797163,7255985608,34365993299,9275491650,758748202,82890858103
2017-04-01,2607078941,363222445,2323023904,11689221026,4409176837,5994576744,7120526602,30700072869,8407665004,628861467,74243425839
2017-05-01,2772860140,372735569,2640872572,12012222060,4984796503,6279492320,6999289941,33804337164,8646163898,703219896,79215990063
2017-06-01,2460629599,318158980,2021595892,10583019706,4433906847,5661377381,6273183989,32668956124,7771631182,631117135,72823576835
2017-07-01,2626333579,388681940,2220896207,13245732727,4692640477,6298259580,6829655119,32664495691,9041715664,739417269,78747828253
2017-08-01,2818692391,381013320,2390273892,11467131470,4765033368,6530161327,7396276530,35832863025,9527652321,915750203,82024847847
2017-09-01,2573977258,321145601,1995088948,10980517100,4684458134,5799756025,6748553696,35038278518,8995894598,723787095,77861456973
2017-10-01,2710597367,351203671,2260669898,12203535633,5197390674,6552838892,7362589399,35580762632,9056207923,586400803,81862196892
2017-11-01,2912756613,405369352,2348315201,11693622095,4898619642,6852911720,7624404049,36844070432,9239559590,666317916,83485946610
2017-12-01,2588338455,348670429,2611313729,13356982163,4256913791,6521523934,7154740957,33050701307,8951320469,641475944,79481981178
2018-01-01,2535435605,292298634,2213602603,12685522362,4901131523,6715076709,7277882486,36677536801,9078575181,875312193,83252374097
2018-02-01,2155832790,241541196,1906753423,11869479926,3852706955,6173288861,6435397568,28981975848,8200021492,735339968,70552338027
2018-03-01,2721072880,299482803,2158869296,12246488760,4328271164,7190988528,7883826258,37599770481,9459628250,967333256,84855731676
2018-04-01,2528325148,265952691,2395631693,12253911399,4394532515,6800425202,8549464139,37636042501,8729835885,1082241138,84636362311
2018-05-01,2622509100,297477814,2049258915,14577266682,3782398143,6963408431,8268525946,33770753376,9111553595,1418884664,82862036666
2018-06-01,2518420204,258565116,2133480374,11458759882,3276691466,6722701335,7701460491,34981517488,9188647596,604936459,78845180411
2018-07-01,2648120056,308857485,2316927150,12852779713,3633716312,7222005943,7928266454,39429213729,9632023149,502723452,86474633443
2018-08-01,2693500421,284660514,2292274390,11795612694,3538590883,7107607989,7502701222,36495729274,9804357183,467141061,81982175631
2018-09-01,2655098485,339114158,1929108955,12259968757,3999014977,7039279724,7319092769,37521767570,9808574899,470917747,83341938041
2018-10-01,2897893479,338591890,2138575538,16556014467,4297559729,8159981327,8842705914,43490250077,9910533345,489924470,97122030236
2018-11-01,2763384553,325591929,2187026116,15409360510,3877316652,7224760994,7737904554,36053643566,9471508756,492040617,85542538247
2018-12-01,2835658325,318567909,1804396831,13304137175,3182239850,7539790586,7251503031,37607234531,9688925553,587075314,84119529105
2019-01-01,2628794867,287287222,2520997298,12655821414,4068318254,7418959821,7623876452,39001343801,9627467857,507949740,86340816726
2019-02-01,2195785579,271791559,1658243357,9830127802,3410692499,6062521186,6420391580,29763961511,7656332652,413207046,67683054771
2019-03-01,2898791529,330578981,2386487772,12759056683,4067690377,8023685644,8156358343,36580304444,10000107464,473940611,85677001848
2019-04-01,2850844295,290497232,2462376375,12894182272,3968637059,7042149063,8568865870,37936414214,9688613709,525276391,86227856480
2019-05-01,2998644783,319716627,2260641651,12700185098,4665740848,7392656706,9000745515,34783840980,9955412600,600993604,84678578412
2019-06-01,2487616460,252511341,1995429616,12412717165,3584269056,6941161955,7296851848,32570055747,8623839264,526431430,76690883882
2019-07-01,3002273554,245536326,2560861012,12074273524,3349191926,7395663928,8364010660,41766743497,10392388016,613961817,89764904260
2019-08-01,2985621121,277117915,2310747743,10859364433,4252032259,7002914305,8558110129,34811082644,9800998561,655276457,81513265567
2019-09-01,2784884372,274228156,2179564522,10166522294,3669392133,6406973719,7463602105,34498316203,10381707072,426329060,78251519636
2019-10-01,3093677399,291875822,2395314153,11776978888,3896367833,7177535455,7832923517,42753420933,11233980259,408884058,90860958317
2019-11-01,3124157051,341934788,2069289497,11962633872,3770488070,6934296218,8710779253,32777333362,10808602965,447851115,80947366191
2019-12-01,3043300451,269576476,2238024706,13589120825,4093264573,7158471496,7844191666,36617076219,11098959003,483724574,86435709989
2020-01-01,2739089175,240298202,2076650262,13350479882,3927428552,6342936392,7563030763,37483358465,10091934468,473242368,84288448529
2020-02-01,2732421606,254215588,1886320493,10375521298,3779569141,6516007563,7929006722,29949990245,10745144872,435887925,74604085453
2020-03-01,2784668867,188845725,2517834461,13577558903,3741245442,6873509419,6858127752,33456237839,9901760964,329427010,80229216382
2020-04-01,2494045480,164860540,1266860086,9568461999,3592211651,5722898516,5461494081,29154617758,7400777361,84792344,64911019816
2020-05-01,2545208376,163551710,1287036785,6906077656,3833019368,5568452942,6146563843,26976322080,9138674924,236091714,62800999398
2020-06-01,2953346243,203353550,2065624869,7604877223,4888462248,6430292770,7830819142,38036581734,12657953851,234062549,82905374179
2020-07-01,2978700757,216532410,2432058866,9908139247,5118473762,5765087632,7689025021,44862031713,13449647438,262385045,92682081891
2020-08-01,2828471077,198083065,2197831681,8401559124,4322155961,5486274382,7082412111,36515572523,13473419232,248504644,80754283800
2020-09-01,2835342714,227918898,2124317739,7131263403,5112269807,6234436112,7444368833,43604878857,13888024883,289323955,88892145201
2020-10-01,3038508056,223864416,2394105720,7104758026,5717717498,6088712584,7655203394,43736413455,14934081111,296855748,91190220008
2020-11-01,2798841307,211537507,2194879085,8116039720,4202102903,6570243896,7670578582,38667731969,14063941766,225371865,84721268600
2020-12-01,3051832962,301873846,2307281494,9970561612,6745476198,7361103197,9142283291,41754125194,14904512550,308572318,95847622662
2021-01-01,2903254938,220810815,2169168869,8698099157,3607249761,6908052499,8403681515,41731210943,14756120004,279117516,89676766017
2021-02-01,2897322068,176772143,2629023026,11002948017,4247894589,7484985522,8154864266,36248105151,14674039699,288357445,87804311926
2021-03-01,3353936594,279812517,2687906649,9289960365,5758254426,9357686553,10795276716,45900807242,17467642076,336847568,105228130706
2021-04-01,3037831134,236647235,2501445528,14780853663,6204000761,8254434719,10224012958,42814506555,17165963142,411209184,105630904879
2021-05-01,2835213310,176604644,2044957288,11593427003,6066718203,7801976800,9992841357,36585873558,14980910254,308974557,92387496974
2021-06-01,3130011303,148362529,1855660808,13938746594,7377832448,10153978178,9811111115,42232995446,16308090035,360084778,105316873234
2021-07-01,3140552309,135064136,1889949226,15331708043,6958122252,8685226348,8664689666,39407127839,12598020353,313995281,97124455453
2021-08-01,3245348079,203112580,2616128131,12693088496,5828147369,8797008849,10009754270,39266473562,12400660592,319646817,95379368745
2021-09-01,3244369772,187562696,2808932667,13941693123,7997005001,9222136578,12912307394,46444043839,13800373375,324023314,110882447759
2021-10-01,3477225554,213356770,2628245222,14856549705,7568202882,9959956875,13978677624,48259511922,13159229711,387162648,114488118913
2021-11-01,3607294038,230979336,2523419961,15231984953,8222179619,9938125513,12291729839,46378419557,13846893756,399543687,112670570259
2021-12-01,3822199367,288717303,2565005362,13447046931,9311102428,10952308815,12229746201,56519609720,14897526269,399385570,124432647966
2022-01-01,3336190138,211069718,2533059500,12220164086,7136202728,9695184992,12611410273,50291272921,12597742312,427712730,111060009398
2022-02-01,3056534775,183007456,2308069465,13156032201,6518295050,10170234315,10379046521,44402966753,11187750453,379799360,101741736349
2022-03-01,3750887047,226627497,3058789462,18479843092,8796119724,10929794870,12045213602,59466331607,14018471857,716036992,131488115750
2022-04-01,3821295652,247469415,3196854218,17063454005,8331731997,11815964287,14465574179,53919824931,14103262747,517441172,127482872603
2022-05-01,3307058503,193260526,2060339580,20625543034,9239547909,10122977620,10819667995,51531592578,12175682042,513972103,120589641890
2022-06-01,3832064414,187840952,2549660781,27325512484,11093557354,11049326857,12203663705,59387221331,16091502808,555114658,144275465344
2022-07-01,3800895443,213381982,2983492754,28371762229,8833891644,10527366857,11656865666,53842455286,13654694641,440710166,134325516668
2022-08-01,3977771402,246862626,2776638228,30086179318,8535121573,10368238857,11555623713,58360891512,15062058722,549498300,141518884251
2022-09-01,3802392403,222063188,2613006445,27247310997,8692566494,10629383272,11261027262,64417896139,14876777902,487195782,144249619884
2022-10-01,3845853404,239516857,2222598248,28522513937,6946285712,10028899481,10598208368,56816938773,12175824543,580598408,131977237731
2022-11-01,4034494787,295845897,2452071188,21646782524,7159961897,10335576842,10288378241,59673540121,13168158731,639108564,129693918792
2022-12-01,4044772865,289704132,2508340672,20012839420,9375034566,10004120440,10861030485,60241396203,13623197307,645819884,131606255974
2023-01-01,3079999429,238257518,2399620561,20908748621,5597732713,8476075452,8705481844,52272605677,10412921901,563816343,112655260059
2023-02-01,3539279631,222258336,2346324739,20323875331,5629973235,9036890095,10081396919,49850907614,10783053535,454585466,112268544901
2023-03-01,4044164918,326561786,2715999243,21429738762,7647033259,9950967381,11464714044,57828441926,13401993529,858633228,129668248076
2023-04-01,3251410911,229753325,1946644340,16984271124,5828048670,7583766017,10194652518,49009132271,9527059374,638171651,105192910201
2023-05-01,3898340823,270752156,2454013437,21965803909,5767124163,9214928157,10424167008,52998110557,11859102111,657960595,119510302916
2023-06-01,3853964611,241920709,2628562391,18254748708,5696471751,8328581144,11573138564,60365867502,12249123233,759357513,123951736126
2023-07-01,3845502095,246820806,2750045520,15690907799,5838452378,8661772462,10757018223,56195896819,12375248595,449342530,116811007227
2023-08-01,3986524407,262144703,2404825731,19858799392,5815111995,8941936596,11024253462,49700967139,12376062887,658409794,115029036106
2023-09-01,4091074359,260097518,2239063653,17727186789,6379465141,8993814231,10327442553,60747670128,12845368299,698722507,124309905178
2023-10-01,4298504682,254017286,2551396895,21452060956,7094345789,9431857056,10826700637,56327611343,12950107979,904950427,126091553050
2023-11-01,4448801821,275867556,2718532377,22288890586,6553549706,9263824071,11133285166,51934600845,12292081709,826175625,121735609462
2023-12-01,4132971053,287353315,2510395064,18524827571,6455144665,8859620450,11071928479,52978718583,12781727963,850228651,118452915794
