date,FOOD,BEVERAGES_AND_TOBACCO,CRUDE_MATERIALS_INEDIBLE,MINERAL_FUELS_LUBRICANTS_ETC,ANIMAL_AND_VEGETABLE_OILS_AND_FATS,CHEMICALS,MANUFACTURED_GOODS,MACHINERY__TRANSPORT_EQUIPMENT,MISCELLANEOUS_MANUFACTURED_ARTICLES,MISCELLANEOUS_TRANSACTIONS_AND_COMMODITIES,total_import
2000-01-01,846099009,31130468,604749198,653256063,58953819,1509983052,2238572232,13025466677,1080749181,774363344,20823323043
2000-02-01,830343028,38961759,475994393,1702132260,41940353,1550492615,2251267102,13633805889,1073374511,469026470,22067338380
2000-03-01,916847192,48463922,565814036,1022498684,32465587,1987871955,2726698397,15525055673,1336696858,822460927,24984873231
2000-04-01,902658686,69757968,551941142,1202142579,58965870,1873536068,2811702772,15948963137,1379049140,701757670,25500475032
2000-05-01,998721851,61325964,670393909,1111462373,50068924,1985727068,2938775166,16045277941,1379298437,791103732,26032155365
2000-06-01,912421156,55938822,596050539,1202359378,53123566,1845942128,2928442550,17235754523,1487825601,674416345,26992274608
2000-07-01,943803644,116065520,660464396,1382318398,65035244,2030997733,3106012929,18010759216,1666909273,675160928,28657527281
2000-08-01,936668912,51850160,689419651,1268652286,55628674,2046640172,3061800840,18465028049,1825761523,688052532,29089502799
2000-09-01,1010042988,63286710,614303939,1766329251,50223227,1957315591,2717710219,18134245654,1757039854,671968983,28742466416
2000-10-01,1053360696,40493846,546957660,1215075863,30141633,1906212185,2709796188,17495117944,1601335529,682825464,27281317008
2000-11-01,982309825,69981101,562703723,1116661482,51841491,1921409598,2793160448,16886240645,1626745808,754435176,26765489297
2000-12-01,1059836120,61435872,556931360,1330171491,55604245,1755358985,2312413131,15322272053,1444135852,623966698,24522125807
2001-01-01,1000678835,66163041,481005521,1105848998,38255255,1780848183,2419361905,15987520071,1543830955,590779483,25014292247
2001-02-01,977962266,58757571,478914418,908330826,49356985,1680363127,2261175251,13786405797,1330924798,669967341,22202158380
2001-03-01,931108312,55881167,532108841,1281117044,47988665,1906910193,2819222069,15762531319,1398542026,690822255,25426231891
2001-04-01,938563839,62882178,606934587,1186666832,54781446,1744961093,2509043039,13618782482,1343330641,797472713,22863418850
2001-05-01,1089869896,69412710,643144456,857799342,71178947,1846040208,2583329854,14035632164,1291827084,731306084,23219540745
2001-06-01,1029817569,58521241,591113717,2373783197,53769910,1719913918,2550400843,13727797269,1224415648,861479058,24191012370
2001-07-01,954133170,106252027,640876642,1232204475,36469103,1687432163,2497232715,13266443802,1323074145,824046200,22568164442
2001-08-01,1034258649,93143167,561464116,1241451484,85244534,1753417610,2371228501,13076808705,1244485014,739759594,22201261374
2001-09-01,1036878312,72900562,535643543,1312380930,127506107,1628424056,2280122378,13238365597,1222023311,782229962,22236474758
2001-10-01,1124235746,124758431,635193742,1360091084,46920632,1716293388,2458970695,14710839301,1284137203,911803118,24373243340
2001-11-01,1067494850,55180380,604040905,983782856,77247648,1704537474,2358652981,15151854868,1408509779,941468990,24352770731
2001-12-01,1091952831,100110512,580467753,862430567,104574423,1534392906,2188629006,13246014028,1115224029,756727842,21580523897
2002-01-01,1092015086,139452462,558384581,818165126,125283882,1581096385,2361853986,14394907220,1179250674,782537099,23032946501
2002-02-01,851369244,81692791,412020476,1020744244,76338933,1452506501,2079862950,12715109281,1057738977,616849479,20364232876
2002-03-01,1038511131,69655401,597011326,1296169273,46271873,1794393243,2368278988,16186619648,1387132032,797173079,25581215994
2002-04-01,1032066729,56061022,552391951,1141790256,35034414,1863827063,2560563519,17447895084,1465850615,793310446,26948791099
2002-05-01,996594785,77630327,621610347,1267156952,69885879,1928995536,2792770012,15340817310,1459568221,813165156,25368194525
2002-06-01,941611765,70496513,646423838,957983447,94768870,1808956698,2511976437,15693269967,1376285810,739986582,24841759927
2002-07-01,1128266920,104989039,647737981,1568751721,95357876,2034418243,2732266892,16071649383,1524272698,962067996,26869778749
2002-08-01,1004156211,96219191,584020265,1195143470,123163348,1959930303,2736334991,16655531397,1586660812,889731778,26830891766
2002-09-01,1067077977,121007828,621071735,1318896321,117203897,1897174400,2604139919,16299253987,1533207934,837117110,26416151108
2002-10-01,1162427932,91994131,497689395,1299516695,102681405,2042768884,2728042335,16556907581,1522351513,990474681,26994854552
2002-11-01,1203712015,119598529,589897209,1054056007,227316432,1660652195,2467962796,15895680480,1538437789,848732350,25606045802
2002-12-01,921569677,108529430,493445538,1429879565,152428058,1736623606,2375265574,14711597296,1556036195,750227654,24235602593
2003-01-01,1202577527,109118245,681041575,1332171993,182437008,2060878159,2473471664,14487657924,1366554542,645919064,24541827701
2003-02-01,871309670,56874758,385382480,1386488242,132919343,1692625749,2156621419,12854778664,1179026783,568108026,21284135134
2003-03-01,1109637525,112604329,688198477,1482939414,147837282,2161055211,2655050520,15309477775,1401359771,765979966,25834140270
2003-04-01,883932738,132135103,523681431,1690246002,95436616,1950572932,2492310191,15459882468,1356422060,879270264,25463889805
2003-05-01,931179513,97677295,597687656,1597273854,101952491,1783783803,2383085528,15322449234,1317922665,840405930,24973417969
2003-06-01,960067111,90641023,587788474,1327348649,86678840,1833896770,2332913726,15389571578,1473955324,828717581,24911579076
2003-07-01,1106935635,92476976,644193441,1452737605,82156771,1700370470,2434760823,17734679044,1583569947,765068761,27596949473
2003-08-01,843098442,56588306,643759970,1289310499,59370703,1718871056,2043680373,16631303868,1507724230,725590342,25519297789
2003-09-01,963707116,96199967,625138160,1538294825,55309055,1755641751,2754410042,16973408465,1683832236,871741135,27317682752
2003-10-01,1217635124,88167645,755284905,1488225105,103398376,2091198434,3067719634,18773553637,1783746563,1000055848,30368985271
2003-11-01,1196179710,87987045,563916431,1273928691,145552006,1779996597,2639129516,16435785302,1557090963,923405533,26602971794
2003-12-01,1441387094,122035530,684196855,1660579551,165642600,2235119584,3046882400,19955984627,1916250510,894897389,32122976140
2004-01-01,1351476313,94178204,730066876,1700096315,207746053,2092985249,2811279527,17164566574,1599158813,766686880,28518240804
2004-02-01,1063270886,69021202,573109891,1312928390,102372122,2224063520,2660949550,16064933451,1615898869,695506528,26382054409
2004-03-01,1286647208,118655850,852939361,1452529305,444096969,2660425842,3557218000,19823774714,2123678459,1003337127,33323302835
2004-04-01,1401939326,134356016,1011936174,1851803234,446556626,2561063660,3844896069,19176757612,2028205183,1067819013,33525332913
2004-05-01,1239866057,105038978,808510816,2026948560,275823583,2619724133,3425422404,18080302714,1938910158,1068786921,31589334324
2004-06-01,1470493201,94255623,1125572167,2015942717,327676747,2734635207,3742012411,19951678538,2080054741,1103232334,34645553686
2004-07-01,1449482611,94351969,930524072,2043906717,256021220,2690740744,3987565729,20221842887,2188706947,1066828876,34929971772
2004-08-01,1437291495,97897502,931263600,2308628500,121533536,2685380443,3540983475,19130261625,1994752399,1081571835,33329564410
2004-09-01,1424039514,126805337,920962547,3026655424,168327750,2869554173,4076948466,21685296015,2232657902,1104276834,37635523962
2004-10-01,1518507087,139466091,847630597,2363092747,199725655,2876243557,3790215880,21147042415,2120739441,1028530524,36031193994
2004-11-01,1322851799,145223010,703661403,2272087801,144661412,2831339304,3773792299,18872366097,1804244461,899303292,32769530878
2004-12-01,1516207549,171584977,1039662986,2743655368,216489548,2939734617,4105922710,21172474330,2018851652,1027983204,36952566941
2005-01-01,1529794190,161791975,680067919,2464632538,151670210,2607364128,3657266275,17478475209,1617359596,897365947,31245787987
2005-02-01,1140178872,94604447,825927148,2252279380,152237352,2507166471,3440531964,16738231491,1514258020,794397713,29459812858
2005-03-01,1464390135,112227013,892241112,2995007694,239012334,3080483459,3944405453,20838329847,1790991798,1181278957,36538367802
2005-04-01,1693925472,101118493,750992812,2511545975,181227717,2808986013,3948968133,20104895791,1781044034,1114169980,34996874420
2005-05-01,1226076065,108926427,1063561984,3019164288,137500656,2816853271,4235280529,20448117205,1813673428,1091274108,35960427961
2005-06-01,1568560633,99609494,892078237,2974932013,164005870,2936190663,4362001616,20761389153,1871606154,1100793088,36731166921
2005-07-01,1575732681,115861183,941283681,2988344107,186153751,2910845341,4189606856,21675852995,1952563827,1063197652,37599442074
2005-08-01,1357424380,90406378,856341586,2561115689,135460850,2954888973,3887091750,21792878865,1914532465,1104317136,36654458072
2005-09-01,1497565628,111094222,1003436805,3513235235,96626855,2863900300,3958101431,23689943507,2058178681,1175606199,39967688863
2005-10-01,1674862101,106457684,920293391,3267584543,231900276,2828222289,4470794508,22267375752,2174431320,1187436327,39129358191
2005-11-01,1365962053,116009284,665534297,3203518845,167994969,2710684022,3608939953,19813753911,1955137230,1003382777,34610917341
2005-12-01,1685697044,245166345,1004518861,3186797849,250775578,2870029354,4261018796,23158281837,2157737739,1156471770,39976495173
2006-01-01,1475040809,116322766,816167771,2712700778,305999888,2624119066,3623594223,19709403881,1854344317,932725612,34170419111
2006-02-01,1393848279,88625932,646065191,3114212937,420321513,2781048397,3796174196,19672348421,1846967213,973223334,34732835413
2006-03-01,1609911820,125204803,864664292,3269134839,228885304,3191750531,4594410741,24163050869,2222942842,1252423785,41522379826
2006-04-01,1752884830,129417433,767778435,3297236977,194171823,2870026038,4347405911,22099845052,2228613089,1028318084,38715697672
2006-05-01,1650607954,115942697,1074277919,4054685602,195813470,3054215477,4703060107,21622393687,2288257088,1163451560,39922705561
2006-06-01,1666700845,123096124,1141948680,3109977058,185698385,3095123166,4711868874,23121514405,2273978060,1199475681,40629381278
2006-07-01,1564581590,136873190,1403256007,3900587527,140198677,3260071115,4772141007,22495632038,2224540111,1233724310,41131605572
2006-08-01,1802519869,132061899,1385992176,4389877393,178973027,3341076113,5202192565,23100561176,2311757493,1243285105,43088296816
2006-09-01,1900144255,165833078,1412286805,3929915619,157905019,3158603440,4917939709,23325139669,2263860459,1308469116,42540097169
2006-10-01,1672545434,131118310,1058396526,3194122393,217734210,2892426062,4842768556,20874418937,2137544290,1275855694,38296930412
2006-11-01,1708812420,118300196,1163822674,3324438790,252188276,3370932250,4814789099,23824512559,2152829723,1314498919,42045124906
2006-12-01,1770344344,156354014,1092048274,3248723159,214870890,3173831102,5325026196,22654167719,2410424100,1306659030,41352448828
2007-01-01,1854875338,153053284,1107600434,3306798780,234260301,3256713197,4956805551,22269446653,1877589912,1320670900,40337814350
2007-02-01,1640785514,87176593,1120133309,2742552944,111321280,3101077057,4270151110,18467812651,1579729857,995454626,34116194941
2007-03-01,1979927009,131742965,1281819130,4063186496,151189134,3501004002,5572982868,22301430894,2000968498,1373197824,42357448820
2007-04-01,1875505571,123608237,1264346737,3196982752,201199781,3160025348,5514381246,21375953946,2130814467,1370088972,40212907057
2007-05-01,1789932610,152985877,1387067268,3795858928,207549205,3487519469,5575255437,21714384221,1992313257,1468946268,41571812540
2007-06-01,1880421057,130083042,1331439178,3553687622,322392719,3194725709,5275178910,21311637480,1869324090,1427541175,40296430982
2007-07-01,1762982901,135543251,1534801844,3375896557,360464087,3334759614,5366207590,23013634248,2046406267,1512515670,42443212029
2007-08-01,2328786914,136078630,1475867798,4414288273,233849877,3486883192,5494717538,23209279555,2258228112,1552891532,44590871421
2007-09-01,2207031286,170527364,1433425658,3077599865,264894222,3544097372,5222567956,22992758120,2115641627,1502216306,42530759776
2007-10-01,2049071188,128672888,1508341029,4105334721,302710580,3571168087,5505503158,24446870099,2347766832,1409190218,45374628800
2007-11-01,1950867611,195444156,1410497132,4408616306,357315788,3683482675,5408712346,22922218592,2182894415,1428698009,43948747030
2007-12-01,2095667996,159463676,1557128644,4207263544,413091788,3474877629,5345566303,23324256060,2294908997,1391571959,44263796596
2008-01-01,2249332724,191792045,1402393768,4424207939,546298979,3734183482,5239526983,21904990868,2095140284,1421537360,43209404432
2008-02-01,2141070124,135487638,1363729127,3401962776,422075783,3363109943,4624422638,19529046553,1882924159,1039127412,37902956153
2008-03-01,2126888780,152868098,1338314177,5139500129,455970184,3740421173,5725850121,21822445212,2154587528,956139227,43612984629
2008-04-01,2411500110,161324075,1482145764,4734123222,705843641,3722620579,5589524412,20976928584,2316196808,1130503193,43230710388
2008-05-01,2345244053,188635759,1639736677,5801582981,283244438,4041620289,5572756449,21910303715,2515414342,1105146253,45403684956
2008-06-01,2497363290,152576612,1643907395,6031065612,302719792,3991605957,5878204953,21099336289,2422997065,1082216314,45101993279
2008-07-01,3032413870,167230330,1752627187,5147557026,516738430,4669829988,6257307342,23276517438,2671464403,1235792525,48727478539
2008-08-01,2404578639,146992364,1628280085,7122791023,234777884,4268606296,5852890051,21693608459,2448835758,1055271540,46856632099
2008-09-01,2257600236,175942453,2389331352,5184013183,541521208,4342517555,5991307942,22009298689,3234008180,1275144653,47400685451
2008-10-01,1889086620,198985521,1638509595,4034622690,441700341,3881258741,5889212546,22290047848,2363021136,1082123349,43708568387
2008-11-01,2134327521,163563287,1380962222,3535539778,459056716,3210062058,5354217071,20445174488,2345687197,1183308102,40211898440
2008-12-01,2479854720,279891057,981827499,2247354327,309097446,2655760790,5179690429,17325272856,2178579555,799968285,34437296964
2009-01-01,2204213752,113946596,797064354,2195847800,215507823,2048712200,3968741173,16183998758,1757612262,584859400,30070504118
2009-02-01,1861921722,128604858,685009690,2102052814,249146363,2496860121,3646217285,14118291309,1518441841,555776871,27362322874
2009-03-01,2302641917,153796535,874640870,2007874669,414086004,2655465961,3757517298,16063139127,1869355117,810841433,30909358931
2009-04-01,2247120820,189837436,948102372,2359625053,318269337,3099383601,4239386578,17338830891,1975744969,999099662,33715400719
2009-05-01,2221490522,207358744,1012634355,2142948767,438569307,3068610676,3915905162,17065132918,2059026074,864541210,32996217735
2009-06-01,2046973503,213185606,1315173769,2998373637,525738419,3674240054,4338548760,17533859259,2152558192,1181888707,35980539906
2009-07-01,2493769506,203648265,1492110624,3649913087,429673252,4125023435,4977417318,20129022144,2485155877,1003136279,40988869787
2009-08-01,2199972585,158671196,1426133069,3331683954,427269220,3524630377,4614613763,19409721780,2270592616,891760105,38255048665
2009-09-01,2222967513,150642561,1486803159,3598714439,462610195,3771463843,4553543505,18548594263,2317986192,846405591,37959731261
2009-10-01,2399792374,148517798,1428571100,4658186265,486279483,3759955367,5129726835,21450604924,2555460026,786307344,42803401516
2009-11-01,2130757155,212269562,1724333794,3214704911,441764563,3394464172,4708244821,22395016682,2237869842,656205444,41115630946
2009-12-01,2400499163,216529783,1690590279,3428289811,568658748,3786788536,4951364155,22127927848,2617841857,724285645,42512775825
2010-01-01,2600360909,200326990,1356116210,3471515814,655845094,3671733127,4898690669,19538777690,2288100277,764467223,39445934003
2010-02-01,2007992743,199883874,1310400864,2848740577,480416318,3305567759,4361740963,17948256494,2030672830,611191447,35104863869
2010-03-01,2434839846,189487189,1520990363,4863973744,384365606,4488107620,5507684424,21925750782,2665434261,1080900527,45061534362
2010-04-01,2632139078,191668081,1682474472,3251298656,581284794,4247419686,5406198514,21355133699,2491922507,867318950,42706858437
2010-05-01,2364721326,157885275,1670364113,4589282137,546588639,3944826601,5681803725,22022077183,2443981682,672309098,44093839779
2010-06-01,2642802492,160932454,1961483303,3930874036,469734524,4586963154,6206742499,23197679416,2823831636,762668340,46743711854
2010-07-01,2780054059,181641044,1840210362,5480261846,558249303,4094186317,5871119861,23819393524,2852476567,908542271,48386135154
2010-08-01,2390701900,158029724,1654611039,3817663671,711867162,4014161527,5156338019,22855595336,2806284887,957659332,44522912597
2010-09-01,2448625743,156656195,1573019282,4548724925,583670558,3769462338,5337241461,21562298111,2823433097,659566832,43462698542
2010-10-01,2315749432,260449782,1560491320,6694415258,604514126,3834012624,5358558564,23712134875,3049286450,733717943,48123330374
2010-11-01,2792803926,196405909,1543267903,4144819564,741963292,3764464511,5764313430,21104782023,2787082225,859868470,43699771253
2010-12-01,2841968556,301875725,1770847100,5048982575,890242252,4139045408,6002795065,22549233953,3012661895,918940584,47476593113
2011-01-01,2715166128,168633115,1858087476,4918914316,1445520387,4139867522,5900538211,20054259292,2782645384,920369662,44904001493
2011-02-01,2237860949,169005166,1397719838,4192271866,1473054881,3678791951,5073422686,17861703506,2245723664,903006364,39232560871
2011-03-01,2670584894,272954047,2241099405,7193722220,837854507,4956608537,6545095967,21941631300,2925594824,1059871032,50645016733
2011-04-01,2946477668,271652266,1983263928,5366149361,653816779,4789076562,6771958909,20297634374,2803828602,893965664,46777824113
2011-05-01,2909747006,215083487,1934989949,5438540794,833287453,4922180429,6504665328,20027811363,2846273467,971543249,46604122525
2011-06-01,2657855190,251841446,2014950715,6868164233,941220932,4719595506,6556652072,22117322845,3184039346,1029041378,50340683663
2011-07-01,3340068672,281929639,2334389993,5509275221,877566152,4745098194,6450990261,21991318003,3268489895,981764735,49780890765
2011-08-01,2811016450,286570219,2058472791,5238545841,743187969,4534743147,6193407536,21578994545,3254942166,849319822,47549200486
2011-09-01,2911267224,257193667,2333682788,5156403574,745579888,4487765642,6247984377,22649930622,3245052033,1008449724,49043309539
2011-10-01,2761123373,283391554,2299435335,5474804280,602754331,4247244313,6439524821,22394257541,3109775265,1327566641,48939877454
2011-11-01,3127201024,284856684,1973593673,5088367178,953138581,4268708621,5983329052,21594879105,3129220984,954405996,47357700898
2011-12-01,3404149851,353418183,2328829751,7189875447,1406685770,4412525963,6371310701,22770002012,3216382119,997958015,52451137812
2012-01-01,2971039482,237374075,1920516424,5870349478,1392958510,3896330597,5596135177,20482879435,2742485827,1189301755,46299370760
2012-02-01,2630514377,279354981,1782182597,6256698550,1248832794,4433633067,5364811292,20020731527,2745745140,1518603226,46281107551
2012-03-01,2898189318,323941272,1898838871,7233501553,790202651,4730431812,6455682762,22816044270,2930636435,1253950739,51331419683
2012-04-01,2858601260,316614262,2216614893,6923910977,870281225,4549584831,6265407878,21874779675,3113912448,1233110211,50222817660
2012-05-01,3026228211,319023943,2236021703,8396904144,954763522,5059362641,6679177014,23079044521,3257481084,1158555007,54166561790
2012-06-01,3055428468,322099324,2376452646,6650443923,932175573,4653550917,6800591045,22566083062,3402741147,1010946183,51770512288
2012-07-01,2867958287,333419022,2355533157,8450594784,596526206,4938392539,6926024294,23653708775,3373312024,1008770012,54504239100
2012-08-01,3153499924,301337346,2154511162,5359275961,795264743,4482113337,6208165548,22530395456,3100616935,786395909,48871576321
2012-09-01,3065036894,337582252,2010695522,9452223672,521735622,4617936588,6365074156,22951848378,3034021506,786579595,53142734185
2012-10-01,3254928627,329505339,1994263052,8100707678,442795326,4549574653,6581713083,22226001954,3336751035,870059345,51686300092
2012-11-01,3136884092,331225956,1974853078,6074639714,643027055,4479184468,6013394365,22731366192,3186398718,806629061,49377602699
2012-12-01,3172197844,348611156,1966405627,7277774671,560097757,4157397012,5940279758,21536966879,3190124420,872852553,49022707677
2013-01-01,3024862855,302998617,2208120186,11338780851,574935523,4664072939,6401068973,21331506065,2877518597,1000727958,53724592564
2013-02-01,2521610855,236247035,1585685659,6523770306,511789863,3850392604,6750572708,19122638140,2424169508,727927689,44254804367
2013-03-01,3238917582,286660592,1793267162,8275339146,361495916,4834812106,8846556673,23634262667,2913446634,926753886,55111512364
2013-04-01,3055510130,315164375,1998920609,8498147976,376758659,5053145820,8765275093,22068904744,3049131750,1590296381,54771255537
2013-05-01,3408218954,370611777,2038158000,7046844193,403539310,4976917565,7459318830,22361948650,2934903092,1922029669,52922490040
2013-06-01,2768494653,326805667,2160833449,8319418971,273303599,4744774922,6937207143,22373311979,3061054238,1458013687,52423218308
2013-07-01,3474786840,371437165,2343570109,8351662435,443818453,5552681224,7341462461,24813307299,3420561348,1750684917,57863972251
2013-08-01,3288452427,314144869,1819919207,10944788199,201308101,5183312919,6445729319,23743502454,2915575432,932038724,55788771651
2013-09-01,3472837175,399656500,1768794810,8162464592,186045519,5147537482,6653247217,24445362355,3121220997,1242086644,54599253291
2013-10-01,3548012463,390700869,1828496380,11347329033,259807463,5462244820,6760541332,24439174971,3482966320,1042409381,58561683032
2013-11-01,3445566368,355696789,2161420402,7247640073,223647508,5040956911,6532782350,23181128126,3379767400,954944348,52523550275
2013-12-01,3610089732,399164789,2181058482,8966177407,300695071,4904721465,6480083492,24762929015,3505552919,1039297255,56149769627
2014-01-01,3861978956,335604455,2106699906,11741844537,310710183,5103644989,6625772055,23129636070,3211391081,1182230684,57609512916
2014-02-01,3085466347,308898066,1496978751,9086068169,209041428,4870597268,5666160524,20012998451,2835908909,905853205,48477971118
2014-03-01,3359734415,323366763,2020801824,9197259865,241292877,5496105583,6750618697,23315623321,3490295284,1233308770,55428407399
2014-04-01,3245695902,417205344,1962928227,9694705739,466906242,6047320545,7308020640,23433474873,3683703260,1228380258,57488341030
2014-05-01,3812961160,366439239,1894053222,10324656673,457648603,5875399169,7375840423,24022712158,3582751317,1450344594,59162806558
2014-06-01,3620084671,299348754,1768863801,10301380704,424545124,5525966483,6863969100,23701406979,3451340566,1163446957,57120353139
2014-07-01,3370290533,329418578,1993645848,10616958115,339945235,5624084914,7653601782,22989989445,3518436017,1040156350,57476526817
2014-08-01,3877515677,337911692,1829826698,9343946217,289703894,5675597877,7840833779,26091617744,3427450034,1305347309,60019750921
2014-09-01,3322208566,345171301,1811696473,8017182093,282867713,5417956679,8022541961,23365235048,3369953109,1238711371,55193524314
2014-10-01,3885595069,290882455,1917954255,11241694659,516465314,5599513060,7801954808,27706409259,3625355872,1317834055,63903658806
2014-11-01,3342400973,337841596,1448381575,6945013292,390948829,5384235381,7323639698,22826961570,3516443696,1083237527,52599104137
2014-12-01,3858698029,357237229,1739750710,8365756823,591055381,5372099974,8185914695,24951513207,4061001480,974162624,58457190152
2015-01-01,3775777748,355399766,1952102777,5503082027,583030967,5329661564,8609461055,24072466390,3595473247,864829603,54641285144
2015-02-01,3255047678,385036581,1554076967,7420150708,511774767,4937575058,6202944948,20519369385,2877526241,980469545,48643971878
2015-03-01,3562183291,361692681,2081300606,7717057460,785017024,6177612115,7564578673,25195133013,3686286880,1476226198,58607087941
2015-04-01,3570287439,374389259,1573065892,5948597572,399428976,5548208900,7672763473,23505263745,3901315270,1214399851,53707720377
2015-05-01,3586721496,311635590,1605502313,7001784460,527465373,5741547254,6984495292,23871559899,4316426243,1129756640,55076894560
2015-06-01,3671422585,329949750,1870921921,6507178423,604765253,6215224669,7692556694,23798759568,4556013806,1252162909,56498955578
2015-07-01,3563165260,378932333,1880382600,10124611644,620993908,5890077502,7776653179,25225324199,4167238034,1202968652,60830347311
2015-08-01,3660877845,353298139,1833804411,7332560837,471687868,5662256545,7328035262,24332912766,3965104826,1392143373,56332681872
2015-09-01,4048832938,379819480,2096047376,6880116581,398751942,6030273480,7729282866,27130610001,4611456737,1198184791,60503376192
2015-10-01,4374691473,472512536,2086326750,8034005776,742211598,6068098378,7906454846,28092063288,4768670977,1090750413,63635786035
2015-11-01,3798522070,451431050,1758464014,6359982335,600685688,5866367561,6927888033,25567659379,4745486194,1308451126,57384937450
2015-12-01,4475945042,393565143,2195639286,6318989465,725101810,6269122952,7234213055,25756261270,5256302674,1290252459,59915393156
2016-01-01,4163593028,355824054,2261737932,5126697535,360023490,5864862336,7309680287,25197145419,4511453702,1304186031,56455203814
2016-02-01,3537151419,350364117,1520726406,4814876028,491473035,5318676627,6029133302,22843301028,3662628472,797613663,49365944097
2016-03-01,4143094034,425925199,2072995562,4914321925,537380779,6306570684,6637408035,25208019675,4321211689,824060197,55390987779
2016-04-01,3558230699,444567800,1782984140,4722646615,481757717,6174944035,6755148715,23144452623,4384543022,836354402,52285629768
2016-05-01,3564708145,380303738,1670765609,5360124587,438691909,6345910216,7090335275,26154762547,4740455660,1026558069,56772615755
2016-06-01,3747489443,362069634,2127912683,7160986470,465824465,6514417339,7849585497,26789770288,4941634474,966807074,60926497367
2016-07-01,3444093288,341357241,1745658812,5872505662,347403589,5694331326,6955610986,28817764702,4042001177,706877219,57967604002
2016-08-01,4056947069,324961861,2256493920,5434766556,298163765,6413195896,7935873100,26570383431,4595823956,1158090348,59044699902
2016-09-01,4022059267,381768342,1965571648,7148428113,490654061,6240484108,7766031373,26863347242,4587740629,1002718406,60468803189
2016-10-01,3875609068,351371730,1998404185,6719123667,475340278,5752381283,7259803791,27139494177,4609441445,1271077545,59452047169
2016-11-01,4315024505,395788214,2646412873,7519651618,484751607,6302232102,7833644470,28132074215,5029599497,1198372053,63857551154
2016-12-01,4337812406,419831034,2832201680,7389724376,597535403,6642847692,8499411059,29487190292,5132288010,1492241672,66831083624
2017-01-01,4300048596,284163180,2826151041,7908320634,768045209,6454848520,7616513745,29183744057,5001577949,1096142284,65439555215
2017-02-01,4044910324,304244781,2918849677,10852317466,705990959,6428561698,7175566128,25304863570,4118514066,1204702570,63058521239
2017-03-01,4750126246,298901226,3249313644,9127522995,693496717,7918384779,8706214490,35875830654,5199407441,1421098293,77240296485
2017-04-01,4080441338,268974542,2511947375,8255185739,592758179,7071692972,7809579993,28531484672,4693292577,1395377506,65210734893
2017-05-01,4804254630,280790226,2644549193,9928357156,555758686,7930964374,8701406548,30976341969,5454387331,1696614450,72973424563
2017-06-01,4009886913,213487314,2490615549,6658286588,450654280,6540684491,7914481074,28248811843,4735613317,1364873167,62627394536
2017-07-01,4051405563,310594542,2866327916,9553551746,491918287,7146680132,8406933614,31021004036,5057763277,1683398288,70589577401
2017-08-01,4487166439,318129593,2647710025,8578871384,551404303,7585583865,8240173242,33086650787,5090380531,1526932818,72113002987
2017-09-01,3850459543,335979812,2678857132,8296922450,495498155,7116830597,8502452098,32105141511,4935661539,1332591698,69650394535
2017-10-01,4524254531,333495148,2928731050,9723918383,397457613,7274413102,8162653890,31915645295,5201296722,1389268290,71851134024
2017-11-01,4440072901,358931432,2762233233,9367731696,573626841,7554642879,8796660913,32832109021,5420143887,1445735610,73551888413
2017-12-01,3945192926,378090405,3162037420,8556622729,496225625,7193969949,8003864299,33776386714,4997537469,1606330364,72116257900
2018-01-01,4492156449,191934007,3195204476,9628965231,529093877,7668639206,8964745875,32337411265,4901372171,1291796192,73201318749
2018-02-01,3604423679,242215471,2721575220,7922642001,418740640,6715597173,7470944399,26917551941,4316477115,1086613672,61416781311
2018-03-01,4046419045,248858255,2932534154,8739670084,470669505,7658208724,8411495754,31298887159,4403210009,1686736773,69896689462
2018-04-01,4127306143,246506184,2877099900,10718126796,529794460,7641744307,8051411390,30893848431,4730622634,1557045429,71373505674
2018-05-01,4172719735,326737490,2957314806,12055919843,434175038,7900850470,8463288912,31424316554,4764617670,1539665006,74039605524
2018-06-01,4210616906,284520528,2987937477,9670856392,562820913,7905336944,9028427685,31322306719,5319650819,1453759649,72746234032
2018-07-01,4122567655,313383400,3464708090,11268214736,556762875,8497736745,9143150514,33991808095,5377255608,1613557713,78349145431
2018-08-01,4462932119,358518655,2933860282,10216460630,608935827,8479406867,9672972839,36708295584,5729951099,1364747113,80536081015
2018-09-01,4070600538,325744316,3062203935,9073869310,551836616,8055509409,7988253183,28758890300,4734541411,1149489998,67770939016
2018-10-01,4293741010,417127623,3012958069,14451706643,700898672,8658488996,8846039221,33619006749,5121568584,1148930037,80270465604
2018-11-01,4266948940,392818605,3323953920,12590564006,750592542,8192415046,8746309583,32359176647,5169456705,1254074910,77046310904
2018-12-01,4302866678,470017384,3120911732,10162830676,541828188,8003649291,8257534475,31940534563,5206088228,1150677705,73156938920
2019-01-01,4775700242,211189032,3568404365,9236550173,451582225,8285240423,9166096470,32042727625,4974498434,1209674563,73921663552
2019-02-01,3447990134,239548590,2465773181,7313577515,474145646,6105315998,6121651538,24757632452,3703377456,938204535,55567217045
2019-03-01,4346093747,273564486,3200830453,10052027433,571353618,7799595756,7647313785,29796132080,4596279293,1398181968,69681372619
2019-04-01,4558448487,290603727,3665151726,12038633247,407083862,8258534432,8571912572,30028804217,5112472841,1445162019,74376807130
2019-05-01,4313849420,356150970,3200276861,12220976872,545005794,8730679951,8784758949,30186288210,5236551198,1534010993,75108549218
2019-06-01,3883836055,285956226,3171576228,10258382485,502853998,7074149520,7297837828,27532963452,4486521770,1136210420,65630287982
2019-07-01,4518101814,320889307,3877607663,11232742326,533872639,8182980971,8385385706,30311127311,5181119268,1252488734,73796315739
2019-08-01,4343765780,386160405,3580986668,8889155371,446253870,8483784741,8161474818,30142326673,5058256071,968736811,70460901208
2019-09-01,3925855392,311387091,3621807478,10511205740,479821875,7555100598,8010562106,29168683510,4866872261,986332836,69437628887
2019-10-01,4365367102,320703723,3772661559,9718411735,774101747,7456218278,9800169742,30858687327,5055736784,1166726300,73288784297
2019-11-01,4212909084,337964748,3893054563,10985404359,531489249,7734157138,8605921348,31061712418,5518093573,1380419042,74261125522
2019-12-01,4771322515,392610373,3759623131,11087211596,846968509,7572031630,8455104774,30075758744,5541085416,1378441793,73880158481
2020-01-01,4523331353,207262319,3740873171,11788938755,953681077,7473233400,8777887023,28761601137,4927377454,1095706815,72249892504
2020-02-01,4376382747,197513144,2822813043,10122701672,628304330,6735826550,6966900822,24960129472,4126244253,1223625596,62160441629
2020-03-01,5295941582,237933442,3585728053,12434949799,730023375,8022629129,7710857707,25779956033,4066663230,872592653,68737275003
2020-04-01,4538174396,157707853,3295603594,7513149057,627821590,7132968743,7425473247,34841540715,3446210178,396898412,69375547785
2020-05-01,4304048114,164624372,2453881550,4639548101,349478468,6007905677,5672842390,25041340328,3897792918,411430368,52942892286
2020-06-01,4707892497,187135648,2984258148,6434914040,565251242,6649890170,7254798384,28153521392,4836318952,1221811145,62995791618
2020-07-01,4346279174,209109606,3169674582,8082319288,670446130,6660245341,8012115625,30345345381,4853331854,1075381143,67424248124
2020-08-01,4689756140,228087100,3459275444,7416469603,522330857,6802346337,7102553429,28853476637,5051304083,1849270772,65974870402
2020-09-01,4514461435,233276356,3591094081,6011547440,720155062,7112713019,7848581750,30213794622,5101948849,1608384195,66955956809
2020-10-01,4648268562,264699430,3680172237,7951114894,594320408,7135485706,7991897665,30320073444,5057738272,1287214805,68930985423
2020-11-01,4651892563,271856722,3717965665,6324257624,860251177,7388857513,7693082397,29725955452,5015659817,1966844171,67616623101
2020-12-01,4878574154,268072840,4611114866,6429074743,1691696327,8458302401,8588451811,32650811983,5508030579,2032665355,75116795059
2021-01-01,4709109581,196926844,4607298471,7129725366,1473643377,7895477455,8357447891,31225650134,4935298877,2527121893,73057699889
2021-02-01,4414076534,185479053,4424139463,8491161876,1020235800,7682419845,7792356337,28933451379,4625588431,2111185932,69680094650
2021-03-01,5341377492,213548025,4948092348,7982915858,1160908042,9490751316,8901595109,33500683588,5424356137,3902902636,80867130551
2021-04-01,5639050562,223711731,4872391975,12922188160,1026155061,9232461220,9424856906,33675614988,5767616184,2509139592,85293186379
2021-05-01,4951216731,225535447,4912923346,9069491327,1063991536,9233864496,9158914837,32656888405,5670651060,1588178947,78531656132
2021-06-01,5620085522,258111307,5009959994,11124078149,1588982981,10013269147,9529455571,33635613612,5428653142,1009067668,83217277093
2021-07-01,5407785180,210128331,6532613835,11952992411,1272746819,9065035482,8271733025,34710947551,5294466553,845691260,83564140447
2021-08-01,4953825690,218126189,3952393821,8237720638,1163507579,8986081359,8025037650,32525280891,5032101761,1150947172,74245022750
2021-09-01,5543950887,193304124,4913719651,11157308036,1102330496,9478755087,8220356101,36420545157,5365311939,2254589234,84650170712
2021-10-01,5372081048,180701125,4642502179,12634522553,1174957519,9341015079,8527611372,38172285579,5394629197,2465143886,87905449537
2021-11-01,5627198770,232938239,4993296760,13177207207,1402541359,10516713270,9643387801,40037318893,6021356881,1731680517,93383639697
2021-12-01,6070868659,291901807,4923202893,9765463260,1112109833,10745422852,10571599976,41278097743,6321117325,1868721928,92948506276
2022-01-01,6724951114,256898605,4901151751,10008227509,1324750994,11177209332,10584445430,40049633135,6104489317,1690717256,92822474443
2022-02-01,4912442174,201203706,3797309137,11110029717,2036814732,10073406875,8808964988,34919182561,5333364038,1396563407,82589281335
2022-03-01,6231180561,357433563,4878580586,18598856114,1777060066,11870749829,10897694186,42289418857,7003254752,1339839735,105244068249
2022-04-01,5885356170,241905177,5897080588,17448744159,1578007290,11775039535,11169206048,42183795348,6348268265,1580063247,104107465827
2022-05-01,6483508281,243929126,4507003245,18206615437,1415511312,10991014993,10669240828,45700141212,6610006631,2964367820,107791338885
2022-06-01,6339892081,292044816,4733755909,24921196726,1496433780,12652771218,13045920498,47640881925,7189627387,2780988697,121093513037
2022-07-01,6317829863,357558706,3916726167,27132298731,1900222430,11683627836,11180769561,46227239501,7233180164,2537281188,118486734147
2022-08-01,6957382245,365761405,4462100749,31044588160,1706874539,11882454758,10614277614,47260091423,7902630593,2035177187,124231338673
2022-09-01,6329589699,308581895,4159810895,21592166812,1786301188,11073476504,10300379308,47712213444,6756371220,2391505012,112410395977
2022-10-01,6643286059,315635948,3764336190,24665638534,934680387,10339431357,9122179106,49220583448,6747108619,1765257636,113518137284
2022-11-01,6517041932,347539776,4454088755,18073832990,1119662145,10503664012,10020013227,47211430585,7844725913,1798405962,107890405297
2022-12-01,6278947135,356590052,3737237752,18865323186,1171722827,10282287086,10429681695,43362904176,7722618055,1418927038,103626239002
2023-01-01,6165866838,298293708,3436692377,16482976144,1342983275,9757464084,9770639238,39810925074,6392000418,1066879225,94524720381
2023-02-01,5730831657,285334789,2949166926,20942251682,1054254256,9604348536,8652669922,36454249429,5359052357,1667736981,92699896535
2023-03-01,7098446418,221479391,4450423838,18114052678,801781623,10714434415,10898599710,42658490174,6837724016,1184359154,102979791417
2023-04-01,6416610375,279382358,3373736204,17629076631,779155242,9370821245,9841537226,38231339055,5523602058,1121453760,92566714154
2023-05-01,6684617150,284163207,3790512464,20942705361,910027784,11130499313,11213231431,41010886137,6260060203,1585304098,103812007148
2023-06-01,6171545295,318000371,3370421706,21335523245,1096611486,9767931190,9967633415,38499488278,6206809295,1669120908,98403085189
2023-07-01,6431421324,330520851,3430480085,18962186935,1114966619,10033248180,10484888507,40678927875,6681374830,1308212460,99456227666
2023-08-01,6247664303,322757919,3438299994,16819660956,1205527420,9683059496,10162627802,41984372388,6468238199,1516394047,97848602524
2023-09-01,6604888852,320195089,3722056993,16735886124,655907194,9797248174,10917367691,43187242797,6630288842,1365152743,99936234499
2023-10-01,7181482988,355629204,4098375335,24272377484,800815510,10721961982,11013186104,45981021348,6909548256,1852770068,113187168279
2023-11-01,6951264445,298602531,3784913685,19964012383,638121990,10559947058,11120419131,47284572636,7589615091,1310007984,109501476934
2023-12-01,7103582072,301287109,3870204166,19349009100,793274863,9846458069,11455456732,45262825262,7492170081,1182415944,106656683398
